{
  "design": {
    "desired_poles": [
      0.93,
      1.2,
      0.98
    ],
    "gain_matrix": [
      [
        0.93,
        0.0,
        0.0
      ],
      [
        0.0,
        1.2,
        0.0
      ],
      [
        0.0,
        0.0,
        0.98
      ]
    ],
    "closed_loop_poles": [
      -0.93,
      -1.2,
      -0.98
    ]
  },
  "metrics": {
    "x_settling_time": 13.164764165878296,
    "x_steady_state_error": 0.0036591406339497807,
    "x_overshoot": 48.885464990891926,
    "y_settling_time": "inf",
    "y_steady_state_error": 0.05162293410877594,
    "y_overshoot": 0.0,
    "z_settling_time": 6.959499835968018,
    "z_steady_state_error": 0.02561826403973234,
    "z_overshoot": 57.2632263034039,
    "multi_axis_settling": "inf",
    "coordination_spread": "inf"
  }
}