{
  "design": {
    "desired_poles": [
      0.93,
      1.3,
      0.95
    ],
    "gain_matrix": [
      [
        0.93,
        0.0,
        0.0
      ],
      [
        0.0,
        1.3,
        0.0
      ],
      [
        0.0,
        0.0,
        0.95
      ]
    ],
    "closed_loop_poles": [
      -0.93,
      -1.3,
      -0.95
    ]
  },
  "metrics": {
    "x_settling_time": "inf",
    "x_steady_state_error": 0.015400564054495396,
    "x_overshoot": 73.80288295249692,
    "y_settling_time": "inf",
    "y_steady_state_error": 0.04999935284366397,
    "y_overshoot": 0.0,
    "z_settling_time": 5.058349132537842,
    "z_steady_state_error": 0.04452294279505981,
    "z_overshoot": 57.26053023672772,
    "multi_axis_settling": "inf",
    "coordination_spread": "inf"
  }
}