{
  "1.0": {
    "detection_rate": 0.9533333333333334,
    "x_noise": 0.028787520562804432,
    "y_noise": 0.08698275995076028,
    "z_noise": 0.1034012918517592,
    "max_dropout": 1.4
  },
  "1.5": {
    "detection_rate": 0.75,
    "x_noise": 0.1301470561129623,
    "y_noise": 0.10916045959757034,
    "z_noise": 0.29383403088486476,
    "max_dropout": 2.9
  },
  "2.0": {
    "detection_rate": 0.63,
    "x_noise": 0.14896923729241765,
    "y_noise": 0.07194856658109655,
    "z_noise": 0.17373106775251038,
    "max_dropout": 9.5
  },
  "2.5": {
    "detection_rate": 1.0,
    "x_noise": 0.031002607071497754,
    "y_noise": 0.04579335540905529,
    "z_noise": 0.03834125339726336,
    "max_dropout": 0.0
  },
  "3.0": {
    "detection_rate": 1.0,
    "x_noise": 0.06458865735597871,
    "y_noise": 0.07260902024310069,
    "z_noise": 0.03370596515607007,
    "max_dropout": 0.0
  }
}