{
  "design": {
    "desired_poles": [
      0.93,
      1.09,
      0.98
    ],
    "gain_matrix": [
      [
        0.93,
        0.0,
        0.0
      ],
      [
        0.0,
        1.09,
        0.0
      ],
      [
        0.0,
        0.0,
        0.98
      ]
    ],
    "closed_loop_poles": [
      -0.93,
      -1.09,
      -0.98
    ]
  },
  "metrics": {
    "x_settling_time": "inf",
    "x_steady_state_error": 0.054790394835875986,
    "x_overshoot": 64.63932011366117,
    "y_settling_time": "inf",
    "y_steady_state_error": 0.07397664088314482,
    "y_overshoot": 0.0,
    "z_settling_time": 5.212504148483276,
    "z_steady_state_error": 0.02843441532845374,
    "z_overshoot": 55.95000466357571,
    "multi_axis_settling": "inf",
    "coordination_spread": "inf"
  }
}