{
  "recommended_sensor": "Barometer",
  "sonar_calibration": {
    "scale": 0.48071367884452004,
    "bias": -0.047544604927782466,
    "r2": 0.9511784454989338,
    "rmse": 0.07889530397276498
  },
  "baro_calibration": {
    "scale": 0.4637496459926433,
    "bias": -0.032734352874536805,
    "r2": 0.9617588420255272,
    "rmse": 0.06736091537273205
  }
}